{"licenses":[{"name":"","id":0,"url":""}],"info":{"contributor":"","date_created":"","description":"","url":"","version":"","year":""},"categories":[{"id":1,"name":"protein_marker","supercategory":""}],"images":[{"id":1,"width":2866,"height":2866,"file_name":"022218JK0_C_S2_20xZpro_c1_overlay.png","license":0,"flickr_url":"","coco_url":"","date_captured":0},{"id":2,"width":2866,"height":2866,"file_name":"022218JK0_C_S2_20xZpro_c1_overlay_aug.png","license":0,"flickr_url":"","coco_url":"","date_captured":0},{"id":3,"width":2866,"height":2866,"file_name":"022218JK0_I_S1_20xZpro_c1_overlay.png","license":0,"flickr_url":"","coco_url":"","date_captured":0},{"id":4,"width":2866,"height":2866,"file_name":"022218JK0_I_S1_20xZpro_c1_overlay_aug.png","license":0,"flickr_url":"","coco_url":"","date_captured":0},{"id":5,"width":3072,"height":3072,"file_name":"040318JK12_I_S2_20xZpro_c1_overlay.png","license":0,"flickr_url":"","coco_url":"","date_captured":0},{"id":6,"width":3072,"height":3072,"file_name":"040318JK12_I_S2_20xZpro_c1_overlay_aug.png","license":0,"flickr_url":"","coco_url":"","date_captured":0},{"id":7,"width":3072,"height":3072,"file_name":"040318JK50_I_S2_20xZpro_c1_overlay.png","license":0,"flickr_url":"","coco_url":"","date_captured":0},{"id":8,"width":3072,"height":3072,"file_name":"040318JK50_I_S2_20xZpro_c1_overlay_aug.png","license":0,"flickr_url":"","coco_url":"","date_captured":0},{"id":9,"width":2866,"height":2866,"file_name":"040318JK7_I_S1_20xZpro_c1_overlay.png","license":0,"flickr_url":"","coco_url":"","date_captured":0},{"id":10,"width":2866,"height":2866,"file_name":"040318JK7_I_S1_20xZpro_c1_overlay_aug.png","license":0,"flickr_url":"","coco_url":"","date_captured":0}],"annotations":[{"id":1,"image_id":1,"category_id":1,"segmentation":[[1963.71,287.65,1989.07,287.65,2010.21,300.33,1997.53,329.92,1976.39,342.6,1946.8,329.92,1934.12,313.01,1946.8,296.1]],"area":2811.0,"bbox":[1934.12,287.65,76.09,54.95],"iscrowd":0,"attributes":{"occluded":false}},{"id":2,"image_id":1,"category_id":1,"segmentation":[[1037.96,2219.45,1063.33,2227.9,1067.55,2240.59,1071.78,2265.95,1050.65,2274.4,1025.28,2274.4,1016.83,2261.72,1008.37,2232.13]],"area":2600.0,"bbox":[1008.37,2219.45,63.41,54.95],"iscrowd":0,"attributes":{"occluded":false}},{"id":3,"image_id":1,"category_id":1,"segmentation":[[1866.48,680.77,1900.3,680.77,1908.76,697.68,1912.98,727.27,1891.85,731.5,1862.26,731.5,1858.03,710.36,1849.58,689.23]],"area":2592.0,"bbox":[1849.58,680.77,63.4,50.73],"iscrowd":0,"attributes":{"occluded":false}},{"id":4,"image_id":1,"category_id":1,"segmentation":[[983.01,1526.2,1016.83,1526.2,1033.74,1551.56,1016.83,1581.15,995.69,1589.61,970.33,1581.15,957.65,1560.02,957.65,1530.43]],"area":3722.0,"bbox":[957.65,1526.2,76.09,63.41],"iscrowd":0,"attributes":{"occluded":false}},{"id":5,"image_id":1,"category_id":1,"segmentation":[[577.21,1940.46,606.8,1936.23,627.93,1957.37,632.16,1982.73,611.02,1999.64,577.21,1995.41,564.53,1974.28,568.75,1953.14]],"area":3214.0,"bbox":[564.53,1936.23,67.63,63.41],"iscrowd":0,"attributes":{"occluded":false}},{"id":6,"image_id":2,"category_id":1,"segmentation":[[2128.57,1970.05,2158.16,1965.82,2175.07,1986.96,2175.07,2016.55,2153.93,2020.77,2124.34,2020.77,2115.89,2012.32,2115.89,1986.96]],"area":2777.0,"bbox":[2115.89,1965.82,59.18,54.95],"iscrowd":0,"attributes":{"occluded":false}},{"id":7,"image_id":2,"category_id":1,"segmentation":[[2580.87,1788.28,2606.23,1788.28,2623.14,1800.96,2623.14,1822.1,2602.01,1843.23,2576.64,1843.23,2563.96,1817.87,2580.87,1788.28]],"area":2521.0,"bbox":[2563.96,1788.28,59.18,54.95],"iscrowd":0,"attributes":{"occluded":false}},{"id":8,"image_id":2,"category_id":1,"segmentation":[[2183.52,782.22,2208.88,782.22,2225.79,794.9,2230.02,816.04,2217.34,832.95,2187.75,832.95,2175.07,816.04,2170.84,794.9]],"area":2398.0,"bbox":[2170.84,782.22,59.18,50.73],"iscrowd":0,"attributes":{"occluded":false}},{"id":9,"image_id":2,"category_id":1,"segmentation":[[2048.25,97.43,2069.39,97.43,2077.84,114.34,2077.84,139.7,2056.71,152.38,2035.57,139.7,2031.34,131.24,2031.34,101.65]],"area":2126.0,"bbox":[2031.34,97.43,46.5,54.95],"iscrowd":0,"attributes":{"occluded":false}},{"id":10,"image_id":2,"category_id":1,"segmentation":[[1629.76,338.37,1650.9,338.37,1676.26,342.6,1680.49,363.74,1676.26,389.1,1646.67,389.1,1625.54,380.64,1617.08,355.28]],"area":2672.0,"bbox":[1617.08,338.37,63.41,50.73],"iscrowd":0,"attributes":{"occluded":false}},{"id":11,"image_id":3,"category_id":1,"segmentation":[[1519.86,723.04,1545.22,718.82,1566.36,739.95,1566.36,765.31,1545.22,765.31,1511.4,765.31,1502.95,761.09,1502.95,739.95]],"area":2420.0,"bbox":[1502.95,718.82,63.41,46.49],"iscrowd":0,"attributes":{"occluded":false}},{"id":12,"image_id":3,"category_id":1,"segmentation":[[1435.32,427.14,1464.91,418.69,1486.04,427.14,1490.27,456.73,1473.36,473.64,1448.0,473.64,1426.86,460.96,1426.86,439.82]],"area":2766.0,"bbox":[1426.86,418.69,63.41,54.95],"iscrowd":0,"attributes":{"occluded":false}},{"id":13,"image_id":3,"category_id":1,"segmentation":[[1648.64,824.35,1674.0,824.35,1690.91,841.26,1678.23,866.62,1644.41,853.94]],"area":1390.0,"bbox":[1644.41,824.35,46.5,42.27],"iscrowd":0,"attributes":{"occluded":false}},{"id":14,"image_id":4,"category_id":1,"segmentation":[[1831.28,752.41,1858.73,697.51,1908.14,735.94]],"area":1885.0,"bbox":[1831.28,697.51,76.86,54.9],"iscrowd":0,"attributes":{"occluded":false}},{"id":15,"image_id":4,"category_id":1,"segmentation":[[2034.42,763.39,2067.37,774.37,2083.84,796.33,2056.39,818.29,2023.44,801.82]],"area":1991.0,"bbox":[2023.44,763.39,60.4,54.9],"iscrowd":0,"attributes":{"occluded":false}},{"id":16,"image_id":4,"category_id":1,"segmentation":[[1655.58,444.95,1677.55,428.48,1694.02,428.48,1710.49,444.95,1715.98,466.91,1705.0,483.38,1672.06,488.87,1661.07,472.4]],"area":2694.0,"bbox":[1655.58,428.48,60.4,60.39],"iscrowd":0,"attributes":{"occluded":false}},{"id":17,"image_id":5,"category_id":1,"segmentation":[[1535.93,1771.33,1583.01,1765.45,1606.55,1794.87,1594.78,1830.18,1565.36,1836.07,1535.93,1836.07,1524.16,1806.64,1530.05,1783.1]],"area":4555.0,"bbox":[1524.16,1765.45,82.39,70.62],"iscrowd":0,"attributes":{"occluded":false}},{"id":18,"image_id":5,"category_id":1,"segmentation":[[1597.72,1459.42,1627.15,1453.54,1656.57,1465.31,1656.57,1494.74,1633.03,1518.28,1603.61,1512.39,1580.07,1500.62,1580.07,1465.31]],"area":3914.0,"bbox":[1580.07,1453.54,76.5,64.74],"iscrowd":0,"attributes":{"occluded":false}},{"id":19,"image_id":6,"category_id":1,"segmentation":[[2092.07,2465.77,2127.38,2448.11,2150.92,2459.89,2156.8,2489.31,2139.15,2512.85,2115.61,2512.85,2092.07,2512.85,2092.07,2483.43]],"area":3379.0,"bbox":[2092.07,2448.11,64.73,64.74],"iscrowd":0,"attributes":{"occluded":false}},{"id":20,"image_id":6,"category_id":1,"segmentation":[[1874.32,2147.98,1909.63,2142.09,1915.52,2165.63,1915.52,2200.94,1891.98,2212.71,1862.55,2195.06,1850.78,2183.29,1850.78,2159.75]],"area":3471.0,"bbox":[1850.78,2142.09,64.74,70.62],"iscrowd":0,"attributes":{"occluded":false}},{"id":21,"image_id":7,"category_id":1,"segmentation":[[1997.91,2336.3,2027.33,2336.3,2039.1,2359.84,2044.99,2377.49,2050.87,2406.92,2027.33,2406.92,2003.79,2383.38,1992.02,2359.84]],"area":2755.0,"bbox":[1992.02,2336.3,58.85,70.62],"iscrowd":0,"attributes":{"occluded":false}},{"id":22,"image_id":7,"category_id":1,"segmentation":[[2498.14,1100.44,2462.83,1112.21,2433.4,1100.44,2427.52,1076.9,2439.29,1047.47,2474.6,1035.7,2492.25,1053.36,2498.14,1082.78]],"area":4011.0,"bbox":[2427.52,1035.7,70.62,76.51],"iscrowd":0,"attributes":{"occluded":false}},{"id":23,"image_id":7,"category_id":1,"segmentation":[[1803.7,1477.08,1833.13,1465.31,1856.67,1465.31,1856.67,1488.85,1839.01,1518.28,1821.36,1518.28,1803.7,1518.28,1797.82,1506.51]],"area":2497.0,"bbox":[1797.82,1465.31,58.85,52.97],"iscrowd":0,"attributes":{"occluded":false}},{"id":24,"image_id":7,"category_id":1,"segmentation":[[685.54,2960.12,714.97,2954.23,732.62,2966.0,732.62,2995.43,709.08,3001.31,691.43,3001.31,673.77,3001.31,685.54,2971.89]],"area":2123.0,"bbox":[673.77,2954.23,58.85,47.08],"iscrowd":0,"attributes":{"occluded":false}},{"id":25,"image_id":7,"category_id":1,"segmentation":[[1656.58,2242.14,1686.0,2242.14,1697.77,2265.68,1686.0,2295.1,1662.46,2295.1,1638.92,2289.22,1638.92,2271.56,1656.57,2242.14]],"area":2476.0,"bbox":[1638.92,2242.14,58.85,52.96],"iscrowd":0,"attributes":{"occluded":false}},{"id":26,"image_id":8,"category_id":1,"segmentation":[[467.79,1577.13,461.91,1547.7,485.45,1530.05,508.99,1518.28,514.87,1547.7,514.87,1583.01,497.22,1594.78,467.79,1594.78]],"area":3058.0,"bbox":[461.91,1518.28,52.96,76.5],"iscrowd":0,"attributes":{"occluded":false}},{"id":27,"image_id":8,"category_id":1,"segmentation":[[1515.33,2736.48,1550.64,2736.48,1550.64,2760.02,1556.53,2789.45,1532.99,2801.22,1509.45,2795.33,1491.79,2765.91,1509.45,2736.48]],"area":3161.0,"bbox":[1491.79,2736.48,64.74,64.74],"iscrowd":0,"attributes":{"occluded":false}},{"id":28,"image_id":8,"category_id":1,"segmentation":[[844.44,1553.59,832.67,1571.24,844.44,1594.78,873.86,1600.67,897.4,1588.9,891.52,1565.36,885.63,1535.93,850.32,1541.82]],"area":2952.0,"bbox":[832.67,1535.93,64.73,64.74],"iscrowd":0,"attributes":{"occluded":false}},{"id":29,"image_id":8,"category_id":1,"segmentation":[[968.02,635.52,962.14,659.06,968.02,688.48,991.56,700.25,1020.99,700.25,1020.99,664.94,1020.99,629.63,979.79,617.86]],"area":4029.0,"bbox":[962.14,617.86,58.85,82.39],"iscrowd":0,"attributes":{"occluded":false}},{"id":30,"image_id":8,"category_id":1,"segmentation":[[2462.83,1989.08,2433.4,2000.85,2445.17,2047.93,2462.83,2065.59,2492.25,2065.59,2504.02,2042.05,2509.91,2018.51,2492.25,1989.08]],"area":4444.0,"bbox":[2433.4,1989.08,76.51,76.51],"iscrowd":0,"attributes":{"occluded":false}},{"id":31,"image_id":9,"category_id":1,"segmentation":[[200.33,2432.19,183.86,2459.64,183.86,2487.09,216.8,2487.09,233.27,2465.13,233.27,2448.66,233.27,2426.7,211.31,2426.7]],"area":2431.0,"bbox":[183.86,2426.7,49.41,60.39],"iscrowd":0,"attributes":{"occluded":false}},{"id":32,"image_id":9,"category_id":1,"segmentation":[[63.07,2542.0,52.09,2574.94,52.09,2596.9,74.05,2613.37,96.01,2618.86,106.99,2602.39,106.99,2569.45,90.52,2547.49]],"area":3252.0,"bbox":[52.09,2542.0,54.9,76.86],"iscrowd":0,"attributes":{"occluded":false}},{"id":33,"image_id":9,"category_id":1,"segmentation":[[568.19,2174.14,557.21,2201.59,562.7,2218.06,579.17,2234.53,601.13,2245.51,612.11,2218.06,612.11,2179.63,584.66,2157.67]],"area":3271.0,"bbox":[557.21,2157.67,54.9,87.84],"iscrowd":0,"attributes":{"occluded":false}},{"id":34,"image_id":9,"category_id":1,"segmentation":[[1155.66,2058.84,1144.68,2080.8,1150.17,2102.76,1172.14,2113.74,1194.1,2097.27,1194.1,2075.31,1194.1,2053.35,1166.65,2053.35]],"area":2354.0,"bbox":[1144.68,2053.35,49.42,60.39],"iscrowd":0,"attributes":{"occluded":false}},{"id":35,"image_id":9,"category_id":1,"segmentation":[[1089.78,1476.85,1084.29,1498.82,1095.27,1526.27,1133.7,1542.74,1150.17,1520.78,1150.17,1498.82,1139.19,1476.85,1111.74,1471.36]],"area":3466.0,"bbox":[1084.29,1471.36,65.88,71.38],"iscrowd":0,"attributes":{"occluded":false}},{"id":36,"image_id":9,"category_id":1,"segmentation":[[2138.45,927.81,2127.47,955.26,2154.92,977.23,2187.86,982.72,2198.84,966.24,2187.86,933.3,2176.88,916.83,2138.45,922.32]],"area":3249.0,"bbox":[2127.47,916.83,71.37,65.89],"iscrowd":0,"attributes":{"occluded":false}},{"id":37,"image_id":9,"category_id":1,"segmentation":[[1281.94,807.02,1276.45,828.98,1287.43,856.44,1320.38,872.91,1331.36,856.44,1336.85,834.47,1325.87,812.51,1298.42,801.53]],"area":2930.0,"bbox":[1276.45,801.53,60.4,71.38],"iscrowd":0,"attributes":{"occluded":false}},{"id":38,"image_id":9,"category_id":1,"segmentation":[[2478.86,527.01,2506.31,516.03,2528.27,527.01,2533.76,554.46,2506.31,570.93,2473.37,570.93,2462.38,559.95,2473.37,532.5]],"area":2820.0,"bbox":[2462.38,516.03,71.38,54.9],"iscrowd":0,"attributes":{"occluded":false}},{"id":39,"image_id":9,"category_id":1,"segmentation":[[1474.11,148.17,1468.62,181.11,1490.58,197.59,1523.52,197.59,1534.5,170.13,1523.52,148.17,1507.05,137.19,1485.09,142.68]],"area":3036.0,"bbox":[1468.62,137.19,65.88,60.4],"iscrowd":0,"attributes":{"occluded":false}},{"id":40,"image_id":9,"category_id":1,"segmentation":[[1254.49,499.56,1249.0,532.5,1249.0,554.46,1287.43,565.44,1309.4,554.46,1309.4,527.01,1292.92,510.54,1270.96,505.05]],"area":3005.0,"bbox":[1249.0,499.56,60.4,65.88],"iscrowd":0,"attributes":{"occluded":false}},{"id":41,"image_id":9,"category_id":1,"segmentation":[[1408.22,1575.68,1408.22,1603.13,1424.7,1625.1,1452.15,1641.57,1468.62,1630.59,1468.62,1608.62,1452.15,1581.17,1424.7,1564.7]],"area":3074.0,"bbox":[1408.22,1564.7,60.4,76.87],"iscrowd":0,"attributes":{"occluded":false}},{"id":42,"image_id":9,"category_id":1,"segmentation":[[1765.1,1399.99,1765.1,1421.95,1765.1,1443.91,1809.02,1460.38,1830.99,1449.4,1830.99,1421.95,1814.51,1394.5,1781.57,1394.5]],"area":3577.0,"bbox":[1765.1,1394.5,65.89,65.88],"iscrowd":0,"attributes":{"occluded":false}},{"id":43,"image_id":9,"category_id":1,"segmentation":[[645.05,2218.06,623.09,2240.02,628.58,2267.47,650.55,2278.46,672.51,2256.49,694.47,2234.53,683.49,2212.57,650.55,2212.57]],"area":2955.0,"bbox":[623.09,2212.57,71.38,65.89],"iscrowd":0,"attributes":{"occluded":false}},{"id":44,"image_id":9,"category_id":1,"segmentation":[[2550.23,790.55,2544.74,823.49,2544.74,850.95,2572.19,861.93,2588.66,845.46,2594.15,818.0,2594.15,790.55,2566.7,774.08]],"area":3338.0,"bbox":[2544.74,774.08,49.41,87.85],"iscrowd":0,"attributes":{"occluded":false}},{"id":45,"image_id":9,"category_id":1,"segmentation":[[1512.54,1811.77,1507.05,1844.71,1534.5,1866.67,1561.96,1872.16,1589.41,1866.67,1589.41,1844.71,1589.41,1817.26,1561.96,1800.79]],"area":4604.0,"bbox":[1507.05,1800.79,82.36,71.37],"iscrowd":0,"attributes":{"occluded":false}},{"id":46,"image_id":9,"category_id":1,"segmentation":[[2363.56,378.77,2363.56,417.2,2396.5,428.18,2423.95,417.2,2418.46,384.26,2401.99,367.79,2380.03,367.79,2363.56,367.79]],"area":2970.0,"bbox":[2363.56,367.79,60.39,60.39],"iscrowd":0,"attributes":{"occluded":false}},{"id":47,"image_id":9,"category_id":1,"segmentation":[[1067.82,1949.03,1062.33,1981.97,1084.29,2009.42,1117.23,2009.42,1133.7,1992.95,1133.7,1954.52,1117.23,1938.05,1089.78,1938.05]],"area":4248.0,"bbox":[1062.33,1938.05,71.37,71.37],"iscrowd":0,"attributes":{"occluded":false}},{"id":48,"image_id":9,"category_id":1,"segmentation":[[2281.2,428.18,2286.69,400.73,2286.69,378.77,2259.24,373.28,2226.3,373.28,2220.81,400.73,2226.3,422.69,2253.75,444.65]],"area":3683.0,"bbox":[2220.81,373.28,65.88,71.37],"iscrowd":0,"attributes":{"occluded":false}},{"id":49,"image_id":10,"category_id":1,"segmentation":[[2511.8,2580.43,2506.31,2602.39,2517.29,2640.82,2533.76,2657.29,2561.21,2646.31,2561.21,2613.37,2561.21,2613.37,2550.23,2580.43]],"area":3308.0,"bbox":[2506.31,2580.43,54.9,76.86],"iscrowd":0,"attributes":{"occluded":false}},{"id":50,"image_id":10,"category_id":1,"segmentation":[[2500.82,2695.73,2511.8,2673.77,2495.33,2646.31,2467.88,2646.31,2451.4,2646.31,2451.4,2684.75,2462.38,2701.22,2495.33,2706.71]],"area":2933.0,"bbox":[2451.4,2646.31,60.4,60.4],"iscrowd":0,"attributes":{"occluded":false}},{"id":51,"image_id":10,"category_id":1,"segmentation":[[1556.46,2031.39,1545.48,2058.84,1545.48,2091.78,1578.43,2097.27,1589.41,2075.31,1600.39,2047.86,1600.39,2020.41,1572.94,2014.92]],"area":3389.0,"bbox":[1545.48,2014.92,54.91,82.35],"iscrowd":0,"attributes":{"occluded":false}},{"id":52,"image_id":10,"category_id":1,"segmentation":[[721.92,1410.97,754.86,1410.97,771.33,1432.93,760.35,1460.38,738.39,1465.87,716.43,1471.36,699.96,1460.38,699.96,1432.93]],"area":3297.0,"bbox":[699.96,1410.97,71.37,60.39],"iscrowd":0,"attributes":{"occluded":false}},{"id":53,"image_id":10,"category_id":1,"segmentation":[[304.65,999.19,299.16,1037.62,326.61,1065.07,359.55,1065.07,376.02,1048.6,376.02,1026.64,359.55,1004.68,332.1,993.7]],"area":4253.0,"bbox":[299.16,993.7,76.86,71.37],"iscrowd":0,"attributes":{"occluded":false}},{"id":54,"image_id":10,"category_id":1,"segmentation":[[1858.44,1877.66,1858.44,1905.11,1863.93,1927.07,1907.85,1932.56,1935.3,1916.09,1935.3,1888.64,1913.34,1861.18,1874.91,1861.18]],"area":4625.0,"bbox":[1858.44,1861.18,76.86,71.38],"iscrowd":0,"attributes":{"occluded":false}},{"id":55,"image_id":10,"category_id":1,"segmentation":[[1166.65,1888.64,1150.17,1916.09,1155.66,1943.54,1183.12,1949.03,1194.1,1927.07,1210.57,1910.6,1210.57,1877.65,1177.63,1877.65]],"area":3052.0,"bbox":[1150.17,1877.65,60.4,71.38],"iscrowd":0,"attributes":{"occluded":false}},{"id":56,"image_id":10,"category_id":1,"segmentation":[[1501.56,2316.89,1479.6,2333.36,1479.6,2349.83,1496.07,2360.81,1523.52,2360.81,1545.48,2338.85,1545.48,2311.4,1523.52,2294.93]],"area":2911.0,"bbox":[1479.6,2294.93,65.88,65.88],"iscrowd":0,"attributes":{"occluded":false}},{"id":57,"image_id":10,"category_id":1,"segmentation":[[288.18,1295.67,282.69,1323.12,282.69,1356.06,310.14,1383.52,321.12,1361.56,326.61,1334.1,326.61,1295.67,304.65,1295.67]],"area":3089.0,"bbox":[282.69,1295.67,43.92,87.85],"iscrowd":0,"attributes":{"occluded":false}},{"id":58,"image_id":10,"category_id":1,"segmentation":[[414.46,818.0,408.97,850.95,425.44,872.91,447.4,883.89,463.87,872.91,469.36,845.46,469.36,818.0,430.93,818.0]],"area":3165.0,"bbox":[408.97,818.0,60.39,65.89],"iscrowd":0,"attributes":{"occluded":false}},{"id":59,"image_id":10,"category_id":1,"segmentation":[[1578.43,779.57,1567.45,818.0,1572.94,856.44,1600.39,861.93,1627.84,845.46,1627.84,818.0,1616.86,796.04,1594.9,785.06]],"area":3746.0,"bbox":[1567.45,779.57,60.39,82.36],"iscrowd":0,"attributes":{"occluded":false}},{"id":60,"image_id":10,"category_id":1,"segmentation":[[1298.42,428.18,1292.92,450.15,1298.42,472.11,1320.38,483.09,1342.34,483.09,1353.32,461.13,1353.32,417.2,1309.4,417.2]],"area":3433.0,"bbox":[1292.92,417.2,60.4,65.89],"iscrowd":0,"attributes":{"occluded":false}},{"id":61,"image_id":10,"category_id":1,"segmentation":[[1622.35,1136.45,1644.31,1158.41,1633.33,1196.84,1611.37,1202.33,1583.92,1191.35,1572.94,1169.39,1572.94,1141.94,1605.88,1136.45]],"area":3662.0,"bbox":[1572.94,1136.45,71.37,65.88],"iscrowd":0,"attributes":{"occluded":false}},{"id":62,"image_id":10,"category_id":1,"segmentation":[[1902.36,2536.51,1891.38,2569.45,1902.36,2596.9,1924.32,2596.9,1946.29,2580.43,1946.29,2563.96,1946.29,2547.49,1918.83,2525.52]],"area":2890.0,"bbox":[1891.38,2525.52,54.91,71.38],"iscrowd":0,"attributes":{"occluded":false}},{"id":63,"image_id":10,"category_id":1,"segmentation":[[557.21,774.08,540.74,807.02,540.74,845.46,579.17,845.46,601.13,834.47,601.13,807.02,601.13,774.08,579.17,768.59]],"area":4014.0,"bbox":[540.74,768.59,60.39,76.87],"iscrowd":0,"attributes":{"occluded":false}},{"id":64,"image_id":10,"category_id":1,"segmentation":[[1973.74,2399.25,1957.27,2426.7,1973.74,2454.15,1995.7,2454.15,2017.66,2437.68,2017.66,2415.72,2006.68,2393.75,1979.23,2388.26]],"area":2883.0,"bbox":[1957.27,2388.26,60.39,65.89],"iscrowd":0,"attributes":{"occluded":false}},{"id":65,"image_id":10,"category_id":1,"segmentation":[[2352.58,2585.92,2341.6,2613.37,2341.6,2646.31,2374.54,2646.31,2401.99,2635.33,2401.99,2607.88,2396.5,2574.94,2369.05,2574.94]],"area":3686.0,"bbox":[2341.6,2574.94,60.39,71.37],"iscrowd":0,"attributes":{"occluded":false}},{"id":66,"image_id":10,"category_id":1,"segmentation":[[1446.66,1614.11,1446.66,1636.08,1452.15,1658.04,1474.11,1669.02,1501.56,1669.02,1512.54,1647.06,1501.56,1619.6,1468.62,1608.62]],"area":3093.0,"bbox":[1446.66,1608.62,65.88,60.4],"iscrowd":0,"attributes":{"occluded":false}}]}